,order_date,sales
0,2014-01-03T00:00:00.000,16.448
1,2014-01-04T00:00:00.000,288.06
2,2014-01-05T00:00:00.000,19.536
3,2014-01-06T00:00:00.000,4407.1
4,2014-01-07T00:00:00.000,87.15799999999999
5,2014-01-09T00:00:00.000,40.544
6,2014-01-10T00:00:00.000,54.83
7,2014-01-11T00:00:00.000,9.94
8,2014-01-13T00:00:00.000,3553.795
9,2014-01-14T00:00:00.000,61.96
10,2014-01-15T00:00:00.000,149.95
11,2014-01-16T00:00:00.000,299.964
12,2014-01-18T00:00:00.000,64.864
13,2014-01-19T00:00:00.000,378.594
14,2014-01-20T00:00:00.000,2673.87
15,2014-01-21T00:00:00.000,25.248
16,2014-01-23T00:00:00.000,46.019999999999996
17,2014-01-26T00:00:00.000,1097.25
18,2014-01-27T00:00:00.000,426.66999999999996
19,2014-01-28T00:00:00.000,3.928
20,2014-01-30T00:00:00.000,240.5
21,2014-01-31T00:00:00.000,290.666
22,2014-02-01T00:00:00.000,468.9
23,2014-02-02T00:00:00.000,211.64600000000002
24,2014-02-03T00:00:00.000,97.11200000000001
25,2014-02-04T00:00:00.000,134.38400000000001
26,2014-02-06T00:00:00.000,330.512
27,2014-02-07T00:00:00.000,180.32
28,2014-02-08T00:00:00.000,14.56
29,2014-02-11T00:00:00.000,2043.4
30,2014-02-12T00:00:00.000,129.568
31,2014-02-14T00:00:00.000,576.726
32,2014-02-15T00:00:00.000,21.36
33,2014-02-16T00:00:00.000,9.04
34,2014-02-17T00:00:00.000,54.208
35,2014-02-18T00:00:00.000,37.784
36,2014-02-20T00:00:00.000,95.59
37,2014-02-21T00:00:00.000,8.85
38,2014-02-22T00:00:00.000,19.44
39,2014-02-23T00:00:00.000,11.364
40,2014-02-24T00:00:00.000,55.672
41,2014-02-27T00:00:00.000,19.456
42,2014-03-01T00:00:00.000,2203.151
43,2014-03-02T00:00:00.000,202.384
44,2014-03-03T00:00:00.000,1345.892
45,2014-03-04T00:00:00.000,370.452
46,2014-03-05T00:00:00.000,705.562
47,2014-03-07T00:00:00.000,1561.062
48,2014-03-10T00:00:00.000,741.956
49,2014-03-11T00:00:00.000,918.3140000000001
50,2014-03-14T00:00:00.000,2108.55
51,2014-03-15T00:00:00.000,370.782
52,2014-03-16T00:00:00.000,471.92
53,2014-03-17T00:00:00.000,3960.3579999999997
54,2014-03-18T00:00:00.000,28106.715999999997
55,2014-03-19T00:00:00.000,590.7620000000001
56,2014-03-21T00:00:00.000,4109.816
57,2014-03-22T00:00:00.000,464.09299999999996
58,2014-03-23T00:00:00.000,945.064
59,2014-03-24T00:00:00.000,65.38
60,2014-03-25T00:00:00.000,459.146
61,2014-03-26T00:00:00.000,145.13
62,2014-03-28T00:00:00.000,1823.804
63,2014-03-29T00:00:00.000,890.841
64,2014-03-30T00:00:00.000,1170.3220000000001
65,2014-03-31T00:00:00.000,1959.552
66,2014-04-01T00:00:00.000,119.888
67,2014-04-02T00:00:00.000,1458.558
68,2014-04-03T00:00:00.000,233.45
69,2014-04-04T00:00:00.000,475.844
70,2014-04-05T00:00:00.000,5295.098
71,2014-04-06T00:00:00.000,1650.69
72,2014-04-07T00:00:00.000,1021.1700000000001
73,2014-04-08T00:00:00.000,1958.75
74,2014-04-11T00:00:00.000,1915.24
75,2014-04-12T00:00:00.000,1912.123
76,2014-04-13T00:00:00.000,638.576
77,2014-04-15T00:00:00.000,294.71999999999997
78,2014-04-16T00:00:00.000,39.072
79,2014-04-18T00:00:00.000,1020.532
80,2014-04-19T00:00:00.000,205.47
81,2014-04-20T00:00:00.000,1250.45
82,2014-04-21T00:00:00.000,845.36
83,2014-04-22T00:00:00.000,257.752
84,2014-04-23T00:00:00.000,643.98
85,2014-04-25T00:00:00.000,2379.9939999999997
86,2014-04-26T00:00:00.000,282.568
87,2014-04-28T00:00:00.000,2578.476
88,2014-04-29T00:00:00.000,768.8439999999999
89,2014-04-30T00:00:00.000,1048.74
90,2014-05-02T00:00:00.000,506.12
91,2014-05-03T00:00:00.000,72.632
92,2014-05-04T00:00:00.000,187.43200000000002
93,2014-05-05T00:00:00.000,260.977
94,2014-05-06T00:00:00.000,254.456
95,2014-05-07T00:00:00.000,1091.3500000000001
96,2014-05-08T00:00:00.000,1799.97
97,2014-05-09T00:00:00.000,394.48
98,2014-05-10T00:00:00.000,2343.799
99,2014-05-11T00:00:00.000,1642.8020000000001
100,2014-05-12T00:00:00.000,734.846
101,2014-05-13T00:00:00.000,898.3820000000001
102,2014-05-14T00:00:00.000,310.88
103,2014-05-16T00:00:00.000,289.28
104,2014-05-17T00:00:00.000,91.68
105,2014-05-18T00:00:00.000,948.9480000000001
106,2014-05-19T00:00:00.000,91.62
107,2014-05-20T00:00:00.000,320.10400000000004
108,2014-05-21T00:00:00.000,4264.3279999999995
109,2014-05-22T00:00:00.000,180.93
110,2014-05-23T00:00:00.000,323.758
111,2014-05-24T00:00:00.000,116.28
112,2014-05-25T00:00:00.000,119.53999999999999
113,2014-05-26T00:00:00.000,1325.7179999999998
114,2014-05-27T00:00:00.000,2157.394
115,2014-05-28T00:00:00.000,221.96800000000002
116,2014-05-30T00:00:00.000,1924.913
117,2014-05-31T00:00:00.000,773.7
118,2014-06-01T00:00:00.000,5188.5199999999995
119,2014-06-02T00:00:00.000,738.598
120,2014-06-03T00:00:00.000,741.336
121,2014-06-04T00:00:00.000,456.272
122,2014-06-06T00:00:00.000,1374.001
123,2014-06-07T00:00:00.000,281.397
124,2014-06-08T00:00:00.000,2501.264
125,2014-06-09T00:00:00.000,5463.008
126,2014-06-10T00:00:00.000,491.55
127,2014-06-13T00:00:00.000,14.52
128,2014-06-14T00:00:00.000,212.94
129,2014-06-15T00:00:00.000,942.9739999999999
130,2014-06-16T00:00:00.000,763.792
131,2014-06-17T00:00:00.000,3418.5020000000004
132,2014-06-18T00:00:00.000,139.8
133,2014-06-20T00:00:00.000,1828.9496
134,2014-06-21T00:00:00.000,4107.443
135,2014-06-22T00:00:00.000,1975.498
136,2014-06-23T00:00:00.000,109.49600000000001
137,2014-06-24T00:00:00.000,4.272
138,2014-06-25T00:00:00.000,792.76
139,2014-06-27T00:00:00.000,616.14
140,2014-06-28T00:00:00.000,1645.791
141,2014-06-29T00:00:00.000,46.68
142,2014-06-30T00:00:00.000,739.624
143,2014-07-01T00:00:00.000,601.024
144,2014-07-02T00:00:00.000,79.56
145,2014-07-04T00:00:00.000,247.40800000000002
146,2014-07-05T00:00:00.000,1444.104
147,2014-07-06T00:00:00.000,1038.472
148,2014-07-07T00:00:00.000,241.19400000000002
149,2014-07-08T00:00:00.000,763.0740000000001
150,2014-07-09T00:00:00.000,265.521
151,2014-07-11T00:00:00.000,2187.206
152,2014-07-12T00:00:00.000,1960.012
153,2014-07-13T00:00:00.000,351.216
154,2014-07-14T00:00:00.000,292.594
155,2014-07-15T00:00:00.000,9.51
156,2014-07-18T00:00:00.000,273.04
157,2014-07-19T00:00:00.000,461.326
158,2014-07-20T00:00:00.000,2285.786
159,2014-07-21T00:00:00.000,1961.482
160,2014-07-22T00:00:00.000,1348.344
161,2014-07-23T00:00:00.000,2613.184
162,2014-07-25T00:00:00.000,8341.289999999999
163,2014-07-26T00:00:00.000,5039.994
164,2014-07-27T00:00:00.000,580.06
165,2014-07-28T00:00:00.000,193.15200000000002
166,2014-07-30T00:00:00.000,1367.84
167,2014-08-01T00:00:00.000,228.328
168,2014-08-02T00:00:00.000,886.28
169,2014-08-03T00:00:00.000,477.994
170,2014-08-04T00:00:00.000,2743.154
171,2014-08-05T00:00:00.000,2408.724
172,2014-08-06T00:00:00.000,262.89
173,2014-08-08T00:00:00.000,3955.6290000000004
174,2014-08-09T00:00:00.000,3605.685
175,2014-08-11T00:00:00.000,451.62
176,2014-08-12T00:00:00.000,1832.38
177,2014-08-15T00:00:00.000,842.7819999999999
178,2014-08-16T00:00:00.000,853.092
179,2014-08-17T00:00:00.000,500.342
180,2014-08-19T00:00:00.000,1439.106
181,2014-08-20T00:00:00.000,1838.722
182,2014-08-22T00:00:00.000,23.104
183,2014-08-23T00:00:00.000,565.224
184,2014-08-24T00:00:00.000,59.74
185,2014-08-25T00:00:00.000,1451.65
186,2014-08-26T00:00:00.000,366.81
187,2014-08-27T00:00:00.000,2070.13
188,2014-08-29T00:00:00.000,832.3225
189,2014-08-30T00:00:00.000,121.24
190,2014-08-31T00:00:00.000,92.52
191,2014-09-01T00:00:00.000,469.43600000000004
192,2014-09-02T00:00:00.000,3254.15
193,2014-09-03T00:00:00.000,22.08
194,2014-09-05T00:00:00.000,296.304
195,2014-09-06T00:00:00.000,100.36
196,2014-09-07T00:00:00.000,3523.875
197,2014-09-08T00:00:00.000,14228.428
198,2014-09-09T00:00:00.000,4043.5879999999997
199,2014-09-10T00:00:00.000,1855.2279999999998
200,2014-09-11T00:00:00.000,127.95
201,2014-09-12T00:00:00.000,4904.66
202,2014-09-13T00:00:00.000,1275.408
203,2014-09-14T00:00:00.000,5023.716
204,2014-09-15T00:00:00.000,133.436
205,2014-09-16T00:00:00.000,33.552
206,2014-09-17T00:00:00.000,820.523
207,2014-09-19T00:00:00.000,9338.636999999999
208,2014-09-20T00:00:00.000,5335.968
209,2014-09-21T00:00:00.000,2679.652
210,2014-09-22T00:00:00.000,1240.266
211,2014-09-23T00:00:00.000,10662.337
212,2014-09-24T00:00:00.000,211.96
213,2014-09-25T00:00:00.000,354.8888
214,2014-09-26T00:00:00.000,1480.614
215,2014-09-27T00:00:00.000,773.4399999999999
216,2014-09-28T00:00:00.000,490.29200000000003
217,2014-09-29T00:00:00.000,8109.07
218,2014-09-30T00:00:00.000,987.5319999999999
219,2014-10-01T00:00:00.000,4.71
220,2014-10-02T00:00:00.000,598.144
221,2014-10-03T00:00:00.000,862.683
222,2014-10-04T00:00:00.000,728.7479999999999
223,2014-10-05T00:00:00.000,191.9
224,2014-10-06T00:00:00.000,494.71
225,2014-10-07T00:00:00.000,237.35999999999999
226,2014-10-08T00:00:00.000,147.392
227,2014-10-09T00:00:00.000,249.36
228,2014-10-10T00:00:00.000,2049.386
229,2014-10-11T00:00:00.000,1381.164
230,2014-10-12T00:00:00.000,58.53
231,2014-10-13T00:00:00.000,2212.182
232,2014-10-14T00:00:00.000,4525.484
233,2014-10-15T00:00:00.000,206.72400000000002
234,2014-10-16T00:00:00.000,194.322
235,2014-10-17T00:00:00.000,136.06799999999998
236,2014-10-18T00:00:00.000,3134.916
237,2014-10-19T00:00:00.000,641.104
238,2014-10-20T00:00:00.000,1501.104
239,2014-10-21T00:00:00.000,1356.602
240,2014-10-22T00:00:00.000,223.808
241,2014-10-24T00:00:00.000,56.489999999999995
242,2014-10-25T00:00:00.000,103.882
243,2014-10-26T00:00:00.000,447.88
244,2014-10-27T00:00:00.000,22.32
245,2014-10-28T00:00:00.000,1510.582
246,2014-10-29T00:00:00.000,2813.8120000000004
247,2014-10-31T00:00:00.000,5362.026
248,2014-11-01T00:00:00.000,4732.08
249,2014-11-02T00:00:00.000,2126.37
250,2014-11-03T00:00:00.000,2784.163
251,2014-11-04T00:00:00.000,6693.748
252,2014-11-05T00:00:00.000,1694.5639999999999
253,2014-11-06T00:00:00.000,43.68
254,2014-11-07T00:00:00.000,1449.142
255,2014-11-08T00:00:00.000,333.576
256,2014-11-09T00:00:00.000,1574.094
257,2014-11-10T00:00:00.000,2002.556
258,2014-11-11T00:00:00.000,8114.548000000001
259,2014-11-12T00:00:00.000,1054.7612
260,2014-11-14T00:00:00.000,1034.7299999999998
261,2014-11-15T00:00:00.000,1780.822
262,2014-11-16T00:00:00.000,1355.9285
263,2014-11-17T00:00:00.000,11544.274
264,2014-11-18T00:00:00.000,3406.855
265,2014-11-19T00:00:00.000,7226.086
266,2014-11-20T00:00:00.000,907.5600000000001
267,2014-11-21T00:00:00.000,1249.622
268,2014-11-22T00:00:00.000,1103.298
269,2014-11-23T00:00:00.000,1363.28
270,2014-11-24T00:00:00.000,5578.606
271,2014-11-25T00:00:00.000,4415.695
272,2014-11-26T00:00:00.000,1705.99
273,2014-11-27T00:00:00.000,203.66
274,2014-11-28T00:00:00.000,2280.83
275,2014-11-29T00:00:00.000,649.044
276,2014-11-30T00:00:00.000,219.154
277,2014-12-01T00:00:00.000,5624.39
278,2014-12-02T00:00:00.000,1771.808
279,2014-12-03T00:00:00.000,505.88
280,2014-12-04T00:00:00.000,129.98
281,2014-12-05T00:00:00.000,2963.642
282,2014-12-06T00:00:00.000,1970.978
283,2014-12-07T00:00:00.000,548.4
284,2014-12-08T00:00:00.000,1095.12
285,2014-12-09T00:00:00.000,1522.652
286,2014-12-10T00:00:00.000,573.336
287,2014-12-12T00:00:00.000,4938.404500000001
288,2014-12-13T00:00:00.000,293.152
289,2014-12-14T00:00:00.000,7641.657999999999
290,2014-12-15T00:00:00.000,1264.4660000000001
291,2014-12-16T00:00:00.000,4394.187
292,2014-12-17T00:00:00.000,45.534
293,2014-12-19T00:00:00.000,3436.7599999999998
294,2014-12-20T00:00:00.000,6962.4400000000005
295,2014-12-21T00:00:00.000,1933.4399999999998
296,2014-12-22T00:00:00.000,798.9680000000001
297,2014-12-23T00:00:00.000,942.108
298,2014-12-24T00:00:00.000,1950.202
299,2014-12-26T00:00:00.000,2041.414
300,2014-12-27T00:00:00.000,2966.388
301,2014-12-28T00:00:00.000,3732.2960000000003
302,2014-12-29T00:00:00.000,2072.096
303,2014-12-30T00:00:00.000,2172.651
304,2014-12-31T00:00:00.000,5253.27
305,2015-01-02T00:00:00.000,1932.096
306,2015-01-03T00:00:00.000,1768.2215999999999
307,2015-01-04T00:00:00.000,264.46
308,2015-01-05T00:00:00.000,295.272
309,2015-01-06T00:00:00.000,31.538
310,2015-01-09T00:00:00.000,364.07
311,2015-01-10T00:00:00.000,1018.104
312,2015-01-12T00:00:00.000,854.614
313,2015-01-13T00:00:00.000,622.278
314,2015-01-17T00:00:00.000,350.384
315,2015-01-19T00:00:00.000,301.742
316,2015-01-23T00:00:00.000,43.66
317,2015-01-24T00:00:00.000,13.12
318,2015-01-26T00:00:00.000,182.72
319,2015-01-27T00:00:00.000,3573.252
320,2015-01-28T00:00:00.000,4297.644
321,2015-01-30T00:00:00.000,2161.6400000000003
322,2015-01-31T00:00:00.000,99.26
323,2015-02-03T00:00:00.000,492.836
324,2015-02-06T00:00:00.000,2432.544
325,2015-02-07T00:00:00.000,324.10999999999996
326,2015-02-08T00:00:00.000,129.09199999999998
327,2015-02-09T00:00:00.000,785.552
328,2015-02-10T00:00:00.000,77.24
329,2015-02-14T00:00:00.000,1079.962
330,2015-02-15T00:00:00.000,1602.38
331,2015-02-16T00:00:00.000,160.43
332,2015-02-18T00:00:00.000,105.844
333,2015-02-20T00:00:00.000,316.78000000000003
334,2015-02-21T00:00:00.000,2591.1
335,2015-02-22T00:00:00.000,79.36
336,2015-02-23T00:00:00.000,37.775999999999996
337,2015-02-25T00:00:00.000,25.869999999999997
338,2015-02-27T00:00:00.000,1159.271
339,2015-02-28T00:00:00.000,551.264
340,2015-03-01T00:00:00.000,1642.1743999999999
341,2015-03-02T00:00:00.000,899.5699999999999
342,2015-03-05T00:00:00.000,1969.267
343,2015-03-06T00:00:00.000,1555.244
344,2015-03-07T00:00:00.000,807.5400000000001
345,2015-03-08T00:00:00.000,2563.2960000000003
346,2015-03-09T00:00:00.000,478.008
347,2015-03-10T00:00:00.000,90.93199999999999
348,2015-03-12T00:00:00.000,51.016000000000005
349,2015-03-13T00:00:00.000,1384.856
350,2015-03-14T00:00:00.000,707.9000000000001
351,2015-03-15T00:00:00.000,16.776
352,2015-03-16T00:00:00.000,7230.209999999999
353,2015-03-17T00:00:00.000,48.84
354,2015-03-19T00:00:00.000,5652.9396
355,2015-03-20T00:00:00.000,1548.194
356,2015-03-21T00:00:00.000,1270.3790000000001
357,2015-03-22T00:00:00.000,2481.424
358,2015-03-23T00:00:00.000,633.302
359,2015-03-24T00:00:00.000,412.95
360,2015-03-26T00:00:00.000,4623.37
361,2015-03-27T00:00:00.000,83.7
362,2015-03-28T00:00:00.000,243.344
363,2015-03-29T00:00:00.000,1559.08
364,2015-03-30T00:00:00.000,571.224
365,2015-03-31T00:00:00.000,200.716
366,2015-04-02T00:00:00.000,299.22
367,2015-04-04T00:00:00.000,1484.598
368,2015-04-05T00:00:00.000,2974.058
369,2015-04-06T00:00:00.000,140.004
370,2015-04-07T00:00:00.000,907.436
371,2015-04-09T00:00:00.000,757.992
372,2015-04-10T00:00:00.000,169.542
373,2015-04-11T00:00:00.000,1328.346
374,2015-04-12T00:00:00.000,40.74
375,2015-04-13T00:00:00.000,3192.6780000000003
376,2015-04-14T00:00:00.000,35.208
377,2015-04-16T00:00:00.000,4161.972
378,2015-04-17T00:00:00.000,2745.1059999999998
379,2015-04-18T00:00:00.000,2006.96
380,2015-04-19T00:00:00.000,329.96
381,2015-04-20T00:00:00.000,1194.726
382,2015-04-21T00:00:00.000,893.09
383,2015-04-22T00:00:00.000,152.916
384,2015-04-24T00:00:00.000,25.99
385,2015-04-25T00:00:00.000,920.9459999999999
386,2015-04-26T00:00:00.000,2090.1055
387,2015-04-27T00:00:00.000,2719.59
388,2015-04-28T00:00:00.000,4044.3619999999996
389,2015-04-29T00:00:00.000,7.968
390,2015-04-30T00:00:00.000,1571.695
391,2015-05-01T00:00:00.000,450.94
392,2015-05-02T00:00:00.000,167.232
393,2015-05-03T00:00:00.000,2198.76
394,2015-05-04T00:00:00.000,1121.362
395,2015-05-07T00:00:00.000,305.622
396,2015-05-08T00:00:00.000,3981.968
397,2015-05-09T00:00:00.000,48.81
398,2015-05-10T00:00:00.000,154.442
399,2015-05-11T00:00:00.000,191.968
400,2015-05-12T00:00:00.000,1060.3500000000001
401,2015-05-13T00:00:00.000,238.384
402,2015-05-14T00:00:00.000,3141.1995
403,2015-05-15T00:00:00.000,69.908
404,2015-05-16T00:00:00.000,255.968
405,2015-05-17T00:00:00.000,134.468
406,2015-05-18T00:00:00.000,10.86
407,2015-05-20T00:00:00.000,169.54399999999998
408,2015-05-21T00:00:00.000,72.332
409,2015-05-22T00:00:00.000,3862.098
410,2015-05-23T00:00:00.000,1304.956
411,2015-05-24T00:00:00.000,610.3069999999999
412,2015-05-25T00:00:00.000,1739.4180000000001
413,2015-05-26T00:00:00.000,982.5640000000001
414,2015-05-28T00:00:00.000,794.146
415,2015-05-29T00:00:00.000,1204.842
416,2015-05-30T00:00:00.000,681.1
417,2015-05-31T00:00:00.000,5178.138
418,2015-06-01T00:00:00.000,834.1980000000001
419,2015-06-04T00:00:00.000,1192.31
420,2015-06-05T00:00:00.000,1533.1979999999999
421,2015-06-07T00:00:00.000,59.768
422,2015-06-08T00:00:00.000,1083.112
423,2015-06-09T00:00:00.000,797.116
424,2015-06-11T00:00:00.000,3373.5640000000003
425,2015-06-12T00:00:00.000,174.476
426,2015-06-13T00:00:00.000,1128.898
427,2015-06-14T00:00:00.000,51.072
428,2015-06-15T00:00:00.000,734.144
429,2015-06-16T00:00:00.000,3443.9040000000005
430,2015-06-18T00:00:00.000,1883.087
431,2015-06-19T00:00:00.000,446.346
432,2015-06-20T00:00:00.000,829.544
433,2015-06-21T00:00:00.000,107.976
434,2015-06-22T00:00:00.000,2018.953
435,2015-06-23T00:00:00.000,836.958
436,2015-06-25T00:00:00.000,857.08
437,2015-06-26T00:00:00.000,1592.196
438,2015-06-28T00:00:00.000,1386.466
439,2015-06-29T00:00:00.000,432.926
440,2015-07-02T00:00:00.000,1631.902
441,2015-07-03T00:00:00.000,823.982
442,2015-07-04T00:00:00.000,1138.288
443,2015-07-05T00:00:00.000,121.646
444,2015-07-06T00:00:00.000,1379.812
445,2015-07-08T00:00:00.000,21.12
446,2015-07-09T00:00:00.000,1587.114
447,2015-07-10T00:00:00.000,43.286
448,2015-07-11T00:00:00.000,1941.952
449,2015-07-12T00:00:00.000,2052.567
450,2015-07-13T00:00:00.000,2033.2559999999999
451,2015-07-14T00:00:00.000,860.9159999999999
452,2015-07-16T00:00:00.000,3029.386
453,2015-07-17T00:00:00.000,448.082
454,2015-07-18T00:00:00.000,672.418
455,2015-07-19T00:00:00.000,2.025
456,2015-07-20T00:00:00.000,2693.168
457,2015-07-23T00:00:00.000,208.272
458,2015-07-24T00:00:00.000,525.95
459,2015-07-25T00:00:00.000,2395.024
460,2015-07-26T00:00:00.000,969.225
461,2015-07-27T00:00:00.000,29.97
462,2015-07-30T00:00:00.000,443.802
463,2015-07-31T00:00:00.000,3712.162
464,2015-08-01T00:00:00.000,1011.696
465,2015-08-02T00:00:00.000,1290.478
466,2015-08-05T00:00:00.000,72.65
467,2015-08-06T00:00:00.000,494.86920000000003
468,2015-08-07T00:00:00.000,968.206
469,2015-08-08T00:00:00.000,840.102
470,2015-08-09T00:00:00.000,4878.392
471,2015-08-10T00:00:00.000,851.4739999999999
472,2015-08-11T00:00:00.000,196.11200000000002
473,2015-08-13T00:00:00.000,586.896
474,2015-08-15T00:00:00.000,497.59000000000003
475,2015-08-16T00:00:00.000,3378.9320000000002
476,2015-08-17T00:00:00.000,381.64
477,2015-08-21T00:00:00.000,2827.52
478,2015-08-22T00:00:00.000,66.632
479,2015-08-23T00:00:00.000,1202.278
480,2015-08-24T00:00:00.000,7194.775
481,2015-08-25T00:00:00.000,178.52599999999998
482,2015-08-27T00:00:00.000,639.9739999999999
483,2015-08-28T00:00:00.000,6491.293000000001
484,2015-08-29T00:00:00.000,246.5
485,2015-08-31T00:00:00.000,2601.797
486,2015-09-01T00:00:00.000,2367.5640000000003
487,2015-09-03T00:00:00.000,1874.8980000000001
488,2015-09-04T00:00:00.000,1071.284
489,2015-09-05T00:00:00.000,934.1030000000001
490,2015-09-06T00:00:00.000,1005.654
491,2015-09-07T00:00:00.000,2922.667
492,2015-09-08T00:00:00.000,89.64
493,2015-09-10T00:00:00.000,1415.7259999999999
494,2015-09-11T00:00:00.000,1962.1299999999999
495,2015-09-12T00:00:00.000,707.824
496,2015-09-13T00:00:00.000,3445.7720000000004
497,2015-09-14T00:00:00.000,3262.42
498,2015-09-15T00:00:00.000,2535.85
499,2015-09-16T00:00:00.000,31.12
500,2015-09-17T00:00:00.000,11525.006
501,2015-09-18T00:00:00.000,3924.32
502,2015-09-19T00:00:00.000,500.38
503,2015-09-20T00:00:00.000,1836.052
504,2015-09-21T00:00:00.000,6982.058
505,2015-09-22T00:00:00.000,1783.504
506,2015-09-24T00:00:00.000,4220.594
507,2015-09-25T00:00:00.000,3033.757
508,2015-09-26T00:00:00.000,3722.273
509,2015-09-27T00:00:00.000,2382.958
510,2015-09-28T00:00:00.000,1058.364
511,2015-10-01T00:00:00.000,1158.414
512,2015-10-02T00:00:00.000,1269.2659999999998
513,2015-10-03T00:00:00.000,275.218
514,2015-10-04T00:00:00.000,505.58
515,2015-10-05T00:00:00.000,851.0920000000001
516,2015-10-08T00:00:00.000,222.12
517,2015-10-09T00:00:00.000,2133.5350000000003
518,2015-10-10T00:00:00.000,2248.194
519,2015-10-11T00:00:00.000,1011.8955
520,2015-10-12T00:00:00.000,2390.758
521,2015-10-13T00:00:00.000,371.65999999999997
522,2015-10-15T00:00:00.000,3219.554
523,2015-10-16T00:00:00.000,824.97
524,2015-10-17T00:00:00.000,77.88
525,2015-10-18T00:00:00.000,378.494
526,2015-10-19T00:00:00.000,2135.09
527,2015-10-20T00:00:00.000,720.086
528,2015-10-22T00:00:00.000,15.128
529,2015-10-23T00:00:00.000,2262.296
530,2015-10-24T00:00:00.000,831.145
531,2015-10-25T00:00:00.000,1425.412
532,2015-10-26T00:00:00.000,1395.333
533,2015-10-28T00:00:00.000,104.51
534,2015-10-29T00:00:00.000,244.24
535,2015-10-30T00:00:00.000,2122.0440000000003
536,2015-10-31T00:00:00.000,3211.009
537,2015-11-01T00:00:00.000,3106.106
538,2015-11-02T00:00:00.000,5528.551
539,2015-11-03T00:00:00.000,2800.8459999999995
540,2015-11-05T00:00:00.000,834.874
541,2015-11-06T00:00:00.000,11.481
542,2015-11-07T00:00:00.000,3073.073
543,2015-11-08T00:00:00.000,12196.997
544,2015-11-09T00:00:00.000,4620.292
545,2015-11-10T00:00:00.000,3536.904
546,2015-11-11T00:00:00.000,542.178
547,2015-11-12T00:00:00.000,1127.992
548,2015-11-13T00:00:00.000,3591.0771999999997
549,2015-11-14T00:00:00.000,2512.71
550,2015-11-15T00:00:00.000,702.17
551,2015-11-16T00:00:00.000,4072.334
552,2015-11-17T00:00:00.000,3885.986
553,2015-11-19T00:00:00.000,1040.7839999999999
554,2015-11-20T00:00:00.000,2861.15
555,2015-11-21T00:00:00.000,3613.5748
556,2015-11-22T00:00:00.000,614.499
557,2015-11-23T00:00:00.000,3450.188
558,2015-11-24T00:00:00.000,1218.7640000000001
559,2015-11-25T00:00:00.000,13.12
560,2015-11-26T00:00:00.000,1484.0819999999999
561,2015-11-27T00:00:00.000,3109.7835
562,2015-11-28T00:00:00.000,1864.482
563,2015-11-29T00:00:00.000,2760.168
564,2015-11-30T00:00:00.000,1798.3970000000002
565,2015-12-01T00:00:00.000,7130.594
566,2015-12-03T00:00:00.000,1972.645
567,2015-12-04T00:00:00.000,5185.814
568,2015-12-05T00:00:00.000,897.322
569,2015-12-06T00:00:00.000,6061.502
570,2015-12-07T00:00:00.000,1338.298
571,2015-12-08T00:00:00.000,2672.728
572,2015-12-09T00:00:00.000,34.02
573,2015-12-10T00:00:00.000,3080.38
574,2015-12-11T00:00:00.000,1590.894
575,2015-12-12T00:00:00.000,1448.854
576,2015-12-13T00:00:00.000,1023.386
577,2015-12-14T00:00:00.000,858.3040000000001
578,2015-12-15T00:00:00.000,5494.796
579,2015-12-16T00:00:00.000,4.98
580,2015-12-17T00:00:00.000,1918.492
581,2015-12-18T00:00:00.000,935.288
582,2015-12-19T00:00:00.000,6120.656
583,2015-12-20T00:00:00.000,1107.464
584,2015-12-21T00:00:00.000,3257.76
585,2015-12-22T00:00:00.000,473.313
586,2015-12-23T00:00:00.000,194.32
587,2015-12-24T00:00:00.000,7484.566000000001
588,2015-12-25T00:00:00.000,4204.968
589,2015-12-26T00:00:00.000,561.486
590,2015-12-27T00:00:00.000,5148.4472
591,2015-12-28T00:00:00.000,79.2
592,2015-12-29T00:00:00.000,6.36
593,2015-12-30T00:00:00.000,3251.34
594,2015-12-31T00:00:00.000,1381.344
595,2016-01-02T00:00:00.000,405.91999999999996
596,2016-01-03T00:00:00.000,2095.83
597,2016-01-04T00:00:00.000,1069.22
598,2016-01-05T00:00:00.000,255.904
599,2016-01-07T00:00:00.000,83.576
600,2016-01-08T00:00:00.000,1859.1580000000001
601,2016-01-09T00:00:00.000,743.046
602,2016-01-10T00:00:00.000,174.75
603,2016-01-11T00:00:00.000,149.444
604,2016-01-14T00:00:00.000,405.344
605,2016-01-15T00:00:00.000,701.923
606,2016-01-16T00:00:00.000,102.21799999999999
607,2016-01-17T00:00:00.000,1040.55
608,2016-01-21T00:00:00.000,1167.056
609,2016-01-22T00:00:00.000,917.63
610,2016-01-23T00:00:00.000,1732.3
611,2016-01-24T00:00:00.000,31.36
612,2016-01-25T00:00:00.000,858.712
613,2016-01-28T00:00:00.000,39.68
614,2016-01-30T00:00:00.000,3107.3160000000003
615,2016-01-31T00:00:00.000,1601.554
616,2016-02-01T00:00:00.000,161.97
617,2016-02-02T00:00:00.000,8996.784
618,2016-02-03T00:00:00.000,866.4
619,2016-02-04T00:00:00.000,197.868
620,2016-02-05T00:00:00.000,2994.4759999999997
621,2016-02-06T00:00:00.000,132.224
622,2016-02-07T00:00:00.000,762.142
623,2016-02-08T00:00:00.000,1369.476
624,2016-02-09T00:00:00.000,121.83
625,2016-02-11T00:00:00.000,69.93
626,2016-02-12T00:00:00.000,1366.04
627,2016-02-13T00:00:00.000,146.82
628,2016-02-14T00:00:00.000,837.921
629,2016-02-15T00:00:00.000,407.072
630,2016-02-16T00:00:00.000,1135.638
631,2016-02-19T00:00:00.000,392.65999999999997
632,2016-02-20T00:00:00.000,16.496
633,2016-02-21T00:00:00.000,1524.126
634,2016-02-22T00:00:00.000,983.17
635,2016-02-23T00:00:00.000,57.576
636,2016-02-25T00:00:00.000,46.72
637,2016-02-27T00:00:00.000,243.892
638,2016-02-28T00:00:00.000,36.48
639,2016-02-29T00:00:00.000,111.104
640,2016-03-01T00:00:00.000,6285.8060000000005
641,2016-03-03T00:00:00.000,7264.422
642,2016-03-04T00:00:00.000,315.45
643,2016-03-05T00:00:00.000,162.344
644,2016-03-06T00:00:00.000,811.303
645,2016-03-07T00:00:00.000,21.072
646,2016-03-08T00:00:00.000,2190.81
647,2016-03-09T00:00:00.000,635.6
648,2016-03-10T00:00:00.000,7879.734
649,2016-03-11T00:00:00.000,896.022
650,2016-03-12T00:00:00.000,1694.6419999999998
651,2016-03-13T00:00:00.000,8866.882
652,2016-03-14T00:00:00.000,669.3679999999999
653,2016-03-15T00:00:00.000,2356.8079999999995
654,2016-03-17T00:00:00.000,2360.334
655,2016-03-18T00:00:00.000,1061.682
656,2016-03-19T00:00:00.000,138.68
657,2016-03-20T00:00:00.000,928.311
658,2016-03-21T00:00:00.000,645.7059999999999
659,2016-03-22T00:00:00.000,226.46800000000002
660,2016-03-24T00:00:00.000,745.774
661,2016-03-25T00:00:00.000,1346.97
662,2016-03-26T00:00:00.000,682.246
663,2016-03-27T00:00:00.000,92.69999999999999
664,2016-03-28T00:00:00.000,125.3
665,2016-03-29T00:00:00.000,2659.339
666,2016-03-30T00:00:00.000,11.34
667,2016-03-31T00:00:00.000,640.762
668,2016-04-01T00:00:00.000,2161.48
669,2016-04-02T00:00:00.000,1454.9
670,2016-04-03T00:00:00.000,441.198
671,2016-04-04T00:00:00.000,970.194
672,2016-04-05T00:00:00.000,1046.3339999999998
673,2016-04-06T00:00:00.000,1294.75
674,2016-04-07T00:00:00.000,1970.5740000000003
675,2016-04-08T00:00:00.000,2906.404
676,2016-04-09T00:00:00.000,1115.197
677,2016-04-10T00:00:00.000,950.594
678,2016-04-12T00:00:00.000,1542.53
679,2016-04-13T00:00:00.000,6.12
680,2016-04-14T00:00:00.000,1466.5720000000001
681,2016-04-15T00:00:00.000,2201.8559999999998
682,2016-04-16T00:00:00.000,9335.086000000001
683,2016-04-17T00:00:00.000,421.08500000000004
684,2016-04-18T00:00:00.000,2514.538
685,2016-04-19T00:00:00.000,1414.132
686,2016-04-21T00:00:00.000,271.616
687,2016-04-22T00:00:00.000,1765.465
688,2016-04-23T00:00:00.000,720.3679999999999
689,2016-04-24T00:00:00.000,1607.1
690,2016-04-25T00:00:00.000,108.42
691,2016-04-26T00:00:00.000,434.646
692,2016-04-28T00:00:00.000,486.672
693,2016-04-30T00:00:00.000,142.208
694,2016-05-01T00:00:00.000,517.866
695,2016-05-02T00:00:00.000,1098.136
696,2016-05-03T00:00:00.000,1099.013
697,2016-05-05T00:00:00.000,2701.28
698,2016-05-06T00:00:00.000,236.96
699,2016-05-07T00:00:00.000,4835.976
700,2016-05-08T00:00:00.000,1340.2440000000001
701,2016-05-09T00:00:00.000,1283.512
702,2016-05-10T00:00:00.000,763.0200000000001
703,2016-05-11T00:00:00.000,5.98
704,2016-05-12T00:00:00.000,918.878
705,2016-05-14T00:00:00.000,455.93
706,2016-05-15T00:00:00.000,648.9119999999999
707,2016-05-16T00:00:00.000,880.4599999999999
708,2016-05-17T00:00:00.000,346.922
709,2016-05-18T00:00:00.000,122.22
710,2016-05-19T00:00:00.000,1582.008
711,2016-05-20T00:00:00.000,2471.913
712,2016-05-21T00:00:00.000,2718.214
713,2016-05-22T00:00:00.000,1799.2
714,2016-05-23T00:00:00.000,10560.978
715,2016-05-24T00:00:00.000,277.756
716,2016-05-25T00:00:00.000,1311.97
717,2016-05-26T00:00:00.000,1975.356
718,2016-05-27T00:00:00.000,5305.0779999999995
719,2016-05-28T00:00:00.000,2137.324
720,2016-05-29T00:00:00.000,1063.185
721,2016-05-30T00:00:00.000,8090.578
722,2016-05-31T00:00:00.000,438.85900000000004
723,2016-06-02T00:00:00.000,157.844
724,2016-06-03T00:00:00.000,71.088
725,2016-06-04T00:00:00.000,2316.5229999999997
726,2016-06-05T00:00:00.000,659.82
727,2016-06-06T00:00:00.000,6026.312
728,2016-06-07T00:00:00.000,51.562
729,2016-06-09T00:00:00.000,1688.4720000000002
730,2016-06-10T00:00:00.000,1412.3960000000002
731,2016-06-11T00:00:00.000,1623.416
732,2016-06-12T00:00:00.000,2962.563
733,2016-06-13T00:00:00.000,430.43800000000005
734,2016-06-14T00:00:00.000,3457.099
735,2016-06-15T00:00:00.000,173.488
736,2016-06-16T00:00:00.000,147.27499999999998
737,2016-06-17T00:00:00.000,3000.92
738,2016-06-18T00:00:00.000,541.938
739,2016-06-19T00:00:00.000,17.12
740,2016-06-20T00:00:00.000,1229.548
741,2016-06-21T00:00:00.000,577.108
742,2016-06-23T00:00:00.000,2475.094
743,2016-06-24T00:00:00.000,5310.952
744,2016-06-25T00:00:00.000,893.2660000000001
745,2016-06-26T00:00:00.000,1919.6
746,2016-06-27T00:00:00.000,778.706
747,2016-06-28T00:00:00.000,877.1560000000001
748,2016-06-29T00:00:00.000,191.88
749,2016-06-30T00:00:00.000,1352.9499999999998
750,2016-07-01T00:00:00.000,1724.376
751,2016-07-02T00:00:00.000,772.786
752,2016-07-03T00:00:00.000,847.7
753,2016-07-04T00:00:00.000,1651.301
754,2016-07-07T00:00:00.000,3882.2309999999998
755,2016-07-08T00:00:00.000,2616.512
756,2016-07-09T00:00:00.000,573.286
757,2016-07-10T00:00:00.000,895.8950000000001
758,2016-07-12T00:00:00.000,95.76
759,2016-07-14T00:00:00.000,2149.96
760,2016-07-15T00:00:00.000,380.2
761,2016-07-16T00:00:00.000,910.17
762,2016-07-17T00:00:00.000,2184.8799999999997
763,2016-07-18T00:00:00.000,2891.8579999999997
764,2016-07-19T00:00:00.000,1536.454
765,2016-07-20T00:00:00.000,89.95
766,2016-07-21T00:00:00.000,991.0949999999999
767,2016-07-22T00:00:00.000,1368.048
768,2016-07-23T00:00:00.000,654.587
769,2016-07-24T00:00:00.000,326.964
770,2016-07-25T00:00:00.000,5920.488
771,2016-07-28T00:00:00.000,2033.3739999999998
772,2016-07-29T00:00:00.000,819.154
773,2016-07-30T00:00:00.000,1770.776
774,2016-07-31T00:00:00.000,2174.1580000000004
775,2016-08-01T00:00:00.000,1124.6480000000001
776,2016-08-02T00:00:00.000,482.584
777,2016-08-03T00:00:00.000,248.82
778,2016-08-04T00:00:00.000,497.91
779,2016-08-05T00:00:00.000,197.05
780,2016-08-06T00:00:00.000,320.38800000000003
781,2016-08-07T00:00:00.000,179.97
782,2016-08-08T00:00:00.000,1115.204
783,2016-08-09T00:00:00.000,661.3539999999999
784,2016-08-11T00:00:00.000,151.82
785,2016-08-12T00:00:00.000,3951.9605
786,2016-08-13T00:00:00.000,731.524
787,2016-08-14T00:00:00.000,923.688
788,2016-08-15T00:00:00.000,1680.266
789,2016-08-16T00:00:00.000,204.54
790,2016-08-17T00:00:00.000,15.712
791,2016-08-18T00:00:00.000,496.11400000000003
792,2016-08-19T00:00:00.000,448.792
793,2016-08-20T00:00:00.000,14.78
794,2016-08-21T00:00:00.000,4798.292
795,2016-08-22T00:00:00.000,405.35
796,2016-08-23T00:00:00.000,4187.348
797,2016-08-26T00:00:00.000,4874.298
798,2016-08-27T00:00:00.000,767.9110000000001
799,2016-08-28T00:00:00.000,322.0248
800,2016-08-29T00:00:00.000,632.188
801,2016-08-30T00:00:00.000,1656.8700000000001
802,2016-08-31T00:00:00.000,23.968
803,2016-09-01T00:00:00.000,5766.151999999999
804,2016-09-02T00:00:00.000,6792.193
805,2016-09-03T00:00:00.000,2365.596
806,2016-09-04T00:00:00.000,4532.0419999999995
807,2016-09-05T00:00:00.000,5226.348
808,2016-09-06T00:00:00.000,1313.536
809,2016-09-08T00:00:00.000,4493.9836000000005
810,2016-09-09T00:00:00.000,84.99199999999999
811,2016-09-10T00:00:00.000,2094.324
812,2016-09-11T00:00:00.000,6501.586
813,2016-09-12T00:00:00.000,2043.792
814,2016-09-13T00:00:00.000,2374.73
815,2016-09-14T00:00:00.000,1137.338
816,2016-09-15T00:00:00.000,2101.1820000000002
817,2016-09-16T00:00:00.000,425.88599999999997
818,2016-09-17T00:00:00.000,2043.126
819,2016-09-18T00:00:00.000,4751.082
820,2016-09-19T00:00:00.000,3839.312
821,2016-09-20T00:00:00.000,1232.004
822,2016-09-22T00:00:00.000,615.57
823,2016-09-23T00:00:00.000,1322.145
824,2016-09-24T00:00:00.000,2286.05
825,2016-09-25T00:00:00.000,3443.091
826,2016-09-26T00:00:00.000,2698.1665
827,2016-09-27T00:00:00.000,1992.9858
828,2016-09-28T00:00:00.000,99.136
829,2016-09-29T00:00:00.000,1307.792
830,2016-09-30T00:00:00.000,525.884
831,2016-10-01T00:00:00.000,781.414
832,2016-10-02T00:00:00.000,18452.972
833,2016-10-03T00:00:00.000,1680.696
834,2016-10-04T00:00:00.000,5912.782
835,2016-10-06T00:00:00.000,830.4
836,2016-10-07T00:00:00.000,973.712
837,2016-10-08T00:00:00.000,561.5360000000001
838,2016-10-09T00:00:00.000,546.92
839,2016-10-10T00:00:00.000,282.753
840,2016-10-11T00:00:00.000,33.064
841,2016-10-13T00:00:00.000,1650.618
842,2016-10-14T00:00:00.000,3335.888
843,2016-10-15T00:00:00.000,1620.15
844,2016-10-16T00:00:00.000,142.182
845,2016-10-17T00:00:00.000,2953.346
846,2016-10-18T00:00:00.000,307.92
847,2016-10-20T00:00:00.000,946.174
848,2016-10-21T00:00:00.000,7951.592
849,2016-10-22T00:00:00.000,188.28
850,2016-10-23T00:00:00.000,467.42199999999997
851,2016-10-24T00:00:00.000,1365.498
852,2016-10-25T00:00:00.000,783.96
853,2016-10-27T00:00:00.000,978.79
854,2016-10-28T00:00:00.000,2899.021
855,2016-10-29T00:00:00.000,131.154
856,2016-10-30T00:00:00.000,159.002
857,2016-10-31T00:00:00.000,3750.4990000000003
858,2016-11-01T00:00:00.000,453.374
859,2016-11-03T00:00:00.000,3802.7960000000003
860,2016-11-04T00:00:00.000,3888.8179999999998
861,2016-11-05T00:00:00.000,4266.8988
862,2016-11-06T00:00:00.000,773.2560000000001
863,2016-11-07T00:00:00.000,3810.464
864,2016-11-08T00:00:00.000,993.9000000000001
865,2016-11-09T00:00:00.000,479.97
866,2016-11-10T00:00:00.000,4723.478
867,2016-11-11T00:00:00.000,4944.296
868,2016-11-12T00:00:00.000,4914.938
869,2016-11-13T00:00:00.000,2945.1380000000004
870,2016-11-14T00:00:00.000,2774.062
871,2016-11-15T00:00:00.000,2145.718
872,2016-11-16T00:00:00.000,36.72
873,2016-11-17T00:00:00.000,142.684
874,2016-11-18T00:00:00.000,3958.932
875,2016-11-19T00:00:00.000,638.462
876,2016-11-20T00:00:00.000,3070.333
877,2016-11-21T00:00:00.000,1176.8909999999998
878,2016-11-22T00:00:00.000,317.044
879,2016-11-23T00:00:00.000,100.61599999999999
880,2016-11-24T00:00:00.000,6394.5380000000005
881,2016-11-25T00:00:00.000,7978.5509999999995
882,2016-11-26T00:00:00.000,8329.743
883,2016-11-27T00:00:00.000,1651.239
884,2016-11-28T00:00:00.000,3428.372
885,2016-11-29T00:00:00.000,300.592
886,2016-11-30T00:00:00.000,970.142
887,2016-12-01T00:00:00.000,7365.455
888,2016-12-02T00:00:00.000,4684.616
889,2016-12-03T00:00:00.000,5269.816
890,2016-12-04T00:00:00.000,944.2860000000001
891,2016-12-05T00:00:00.000,5267.004
892,2016-12-06T00:00:00.000,3878.276
893,2016-12-08T00:00:00.000,4709.095
894,2016-12-09T00:00:00.000,1855.483
895,2016-12-10T00:00:00.000,3459.71
896,2016-12-11T00:00:00.000,6102.25
897,2016-12-12T00:00:00.000,1981.1149999999998
898,2016-12-13T00:00:00.000,1194.088
899,2016-12-14T00:00:00.000,828.654
900,2016-12-15T00:00:00.000,2637.087
901,2016-12-16T00:00:00.000,628.5419999999999
902,2016-12-17T00:00:00.000,12185.134
903,2016-12-18T00:00:00.000,7051.35
904,2016-12-19T00:00:00.000,815.1120000000001
905,2016-12-20T00:00:00.000,134.54
906,2016-12-22T00:00:00.000,1043.128
907,2016-12-23T00:00:00.000,6965.857
908,2016-12-24T00:00:00.000,1938.26
909,2016-12-25T00:00:00.000,10488.055
910,2016-12-26T00:00:00.000,1829.4180000000001
911,2016-12-27T00:00:00.000,959.49
912,2016-12-29T00:00:00.000,1277.68
913,2016-12-30T00:00:00.000,773.774
914,2016-12-31T00:00:00.000,731.7679999999999
915,2017-01-01T00:00:00.000,1481.828
916,2017-01-02T00:00:00.000,2079.554
917,2017-01-03T00:00:00.000,2070.272
918,2017-01-06T00:00:00.000,33.74
919,2017-01-07T00:00:00.000,3395.59
920,2017-01-08T00:00:00.000,892.98
921,2017-01-09T00:00:00.000,274.491
922,2017-01-12T00:00:00.000,848.52
923,2017-01-13T00:00:00.000,4619.33
924,2017-01-14T00:00:00.000,1056.038
925,2017-01-15T00:00:00.000,2140.28
926,2017-01-16T00:00:00.000,6230.292
927,2017-01-19T00:00:00.000,2013.7150000000001
928,2017-01-20T00:00:00.000,767.838
929,2017-01-21T00:00:00.000,2546.643
930,2017-01-22T00:00:00.000,4212.372
931,2017-01-23T00:00:00.000,450.334
932,2017-01-24T00:00:00.000,418.66599999999994
933,2017-01-26T00:00:00.000,3055.2799999999997
934,2017-01-27T00:00:00.000,331.914
935,2017-01-28T00:00:00.000,1007.52
936,2017-01-29T00:00:00.000,294.842
937,2017-01-30T00:00:00.000,3749.335
938,2017-02-02T00:00:00.000,913.354
939,2017-02-03T00:00:00.000,922.327
940,2017-02-04T00:00:00.000,32.67
941,2017-02-05T00:00:00.000,2263.012
942,2017-02-06T00:00:00.000,904.354
943,2017-02-09T00:00:00.000,773.764
944,2017-02-10T00:00:00.000,227.103
945,2017-02-11T00:00:00.000,1241.516
946,2017-02-13T00:00:00.000,1058.43
947,2017-02-16T00:00:00.000,1337.442
948,2017-02-17T00:00:00.000,2964.8174
949,2017-02-18T00:00:00.000,287.326
950,2017-02-19T00:00:00.000,1314.59
951,2017-02-20T00:00:00.000,1150.29
952,2017-02-21T00:00:00.000,47.904
953,2017-02-23T00:00:00.000,117.8
954,2017-02-24T00:00:00.000,1448.676
955,2017-02-25T00:00:00.000,430.49199999999996
956,2017-02-26T00:00:00.000,2847.646
957,2017-02-28T00:00:00.000,17.62
958,2017-03-02T00:00:00.000,1450.126
959,2017-03-03T00:00:00.000,2000.104
960,2017-03-04T00:00:00.000,228.822
961,2017-03-05T00:00:00.000,1240.02
962,2017-03-06T00:00:00.000,778.236
963,2017-03-07T00:00:00.000,166.59
964,2017-03-08T00:00:00.000,843.1
965,2017-03-09T00:00:00.000,710.804
966,2017-03-10T00:00:00.000,1252.952
967,2017-03-11T00:00:00.000,1973.708
968,2017-03-12T00:00:00.000,353.28
969,2017-03-13T00:00:00.000,4791.35
970,2017-03-14T00:00:00.000,49.616
971,2017-03-16T00:00:00.000,2014.3809999999999
972,2017-03-17T00:00:00.000,542.746
973,2017-03-18T00:00:00.000,1027.758
974,2017-03-19T00:00:00.000,2166.248
975,2017-03-20T00:00:00.000,899.5680000000001
976,2017-03-21T00:00:00.000,3332.636
977,2017-03-23T00:00:00.000,14816.068
978,2017-03-24T00:00:00.000,1257.298
979,2017-03-25T00:00:00.000,3567.026
980,2017-03-26T00:00:00.000,3252.88
981,2017-03-27T00:00:00.000,2933.516
982,2017-03-28T00:00:00.000,1504.702
983,2017-03-29T00:00:00.000,81.4
984,2017-03-30T00:00:00.000,656.407
985,2017-03-31T00:00:00.000,4981.0108
986,2017-04-01T00:00:00.000,5972.988
987,2017-04-02T00:00:00.000,822.97
988,2017-04-03T00:00:00.000,32.528
989,2017-04-04T00:00:00.000,808.47
990,2017-04-06T00:00:00.000,114.41999999999999
991,2017-04-07T00:00:00.000,1971.2905
992,2017-04-08T00:00:00.000,6401.929999999999
993,2017-04-09T00:00:00.000,1626.71
994,2017-04-10T00:00:00.000,755.529
995,2017-04-11T00:00:00.000,319.806
996,2017-04-12T00:00:00.000,69.66
997,2017-04-13T00:00:00.000,1345.8239999999998
998,2017-04-14T00:00:00.000,652.93
999,2017-04-15T00:00:00.000,332.338
1000,2017-04-16T00:00:00.000,944.429
1001,2017-04-17T00:00:00.000,3431.4590000000003
1002,2017-04-20T00:00:00.000,2033.24
1003,2017-04-21T00:00:00.000,1254.564
1004,2017-04-22T00:00:00.000,947.692
1005,2017-04-23T00:00:00.000,1199.222
1006,2017-04-24T00:00:00.000,928.558
1007,2017-04-25T00:00:00.000,678.113
1008,2017-04-26T00:00:00.000,61.608000000000004
1009,2017-04-27T00:00:00.000,576.5756
1010,2017-04-28T00:00:00.000,795.296
1011,2017-04-29T00:00:00.000,1053.26
1012,2017-04-30T00:00:00.000,1390.126
1013,2017-05-01T00:00:00.000,4108.37
1014,2017-05-02T00:00:00.000,399.11
1015,2017-05-03T00:00:00.000,1386.346
1016,2017-05-04T00:00:00.000,1389.405
1017,2017-05-05T00:00:00.000,185.123
1018,2017-05-06T00:00:00.000,3183.3698
1019,2017-05-07T00:00:00.000,2549.468
1020,2017-05-08T00:00:00.000,3658.554
1021,2017-05-09T00:00:00.000,1078.222
1022,2017-05-11T00:00:00.000,449.469
1023,2017-05-12T00:00:00.000,970.384
1024,2017-05-13T00:00:00.000,3066.378
1025,2017-05-14T00:00:00.000,4182.062
1026,2017-05-15T00:00:00.000,421.264
1027,2017-05-16T00:00:00.000,221.024
1028,2017-05-18T00:00:00.000,1830.508
1029,2017-05-19T00:00:00.000,4919.182
1030,2017-05-20T00:00:00.000,2997.578
1031,2017-05-21T00:00:00.000,538.02
1032,2017-05-22T00:00:00.000,336.562
1033,2017-05-23T00:00:00.000,241.436
1034,2017-05-25T00:00:00.000,886.026
1035,2017-05-26T00:00:00.000,270.24
1036,2017-05-27T00:00:00.000,2084.908
1037,2017-05-28T00:00:00.000,1480.103
1038,2017-05-29T00:00:00.000,691.108
1039,2017-05-30T00:00:00.000,736.8904
1040,2017-06-01T00:00:00.000,5058.362
1041,2017-06-02T00:00:00.000,135.70600000000002
1042,2017-06-03T00:00:00.000,2952.036
1043,2017-06-04T00:00:00.000,279.414
1044,2017-06-05T00:00:00.000,491.11199999999997
1045,2017-06-06T00:00:00.000,31.349999999999998
1046,2017-06-08T00:00:00.000,2227.038
1047,2017-06-09T00:00:00.000,939.133
1048,2017-06-10T00:00:00.000,2513.343
1049,2017-06-11T00:00:00.000,1580.894
1050,2017-06-12T00:00:00.000,1679.968
1051,2017-06-13T00:00:00.000,1156.018
1052,2017-06-15T00:00:00.000,4057.5099999999998
1053,2017-06-16T00:00:00.000,2724.194
1054,2017-06-17T00:00:00.000,3896.672
1055,2017-06-18T00:00:00.000,1031.1555
1056,2017-06-19T00:00:00.000,2115.941
1057,2017-06-20T00:00:00.000,1028.228
1058,2017-06-21T00:00:00.000,595.656
1059,2017-06-22T00:00:00.000,579.019
1060,2017-06-24T00:00:00.000,1287.614
1061,2017-06-25T00:00:00.000,1508.352
1062,2017-06-26T00:00:00.000,4224.1359999999995
1063,2017-06-27T00:00:00.000,1644.906
1064,2017-06-29T00:00:00.000,4521.9912
1065,2017-06-30T00:00:00.000,4721.977
1066,2017-07-01T00:00:00.000,639.83
1067,2017-07-02T00:00:00.000,169.192
1068,2017-07-03T00:00:00.000,6963.4039999999995
1069,2017-07-05T00:00:00.000,476.35400000000004
1070,2017-07-06T00:00:00.000,380.378
1071,2017-07-07T00:00:00.000,1620.25
1072,2017-07-08T00:00:00.000,1980.2640000000001
1073,2017-07-09T00:00:00.000,1671.214
1074,2017-07-10T00:00:00.000,359.214
1075,2017-07-11T00:00:00.000,1728.892
1076,2017-07-12T00:00:00.000,3.816
1077,2017-07-13T00:00:00.000,504.54200000000003
1078,2017-07-14T00:00:00.000,3598.934
1079,2017-07-15T00:00:00.000,2132.229
1080,2017-07-16T00:00:00.000,316.636
1081,2017-07-17T00:00:00.000,2191.873
1082,2017-07-18T00:00:00.000,2106.794
1083,2017-07-20T00:00:00.000,2283.208
1084,2017-07-21T00:00:00.000,3685.944
1085,2017-07-22T00:00:00.000,556.3140000000001
1086,2017-07-23T00:00:00.000,898.188
1087,2017-07-24T00:00:00.000,2399.96
1088,2017-07-25T00:00:00.000,798.742
1089,2017-07-26T00:00:00.000,2012.3020000000001
1090,2017-07-27T00:00:00.000,1142.6799999999998
1091,2017-07-28T00:00:00.000,1170.5639999999999
1092,2017-07-29T00:00:00.000,1391.294
1093,2017-07-30T00:00:00.000,523.376
1094,2017-07-31T00:00:00.000,1558.0280000000002
1095,2017-08-01T00:00:00.000,2085.65
1096,2017-08-03T00:00:00.000,531.3480000000001
1097,2017-08-04T00:00:00.000,20.07
1098,2017-08-05T00:00:00.000,503.676
1099,2017-08-06T00:00:00.000,1424.026
1100,2017-08-07T00:00:00.000,3479.624
1101,2017-08-10T00:00:00.000,1823.07
1102,2017-08-11T00:00:00.000,708.726
1103,2017-08-12T00:00:00.000,3693.0840000000003
1104,2017-08-13T00:00:00.000,2643.164
1105,2017-08-14T00:00:00.000,440.736
1106,2017-08-15T00:00:00.000,1949.872
1107,2017-08-16T00:00:00.000,80.564
1108,2017-08-17T00:00:00.000,9517.288
1109,2017-08-18T00:00:00.000,7078.4839999999995
1110,2017-08-19T00:00:00.000,512.446
1111,2017-08-20T00:00:00.000,692.95
1112,2017-08-21T00:00:00.000,8551.054
1113,2017-08-22T00:00:00.000,524.54
1114,2017-08-23T00:00:00.000,4590.344
1115,2017-08-24T00:00:00.000,685.056
1116,2017-08-25T00:00:00.000,361.988
1117,2017-08-26T00:00:00.000,190.66
1118,2017-08-27T00:00:00.000,6190.538
1119,2017-08-28T00:00:00.000,1443.632
1120,2017-08-29T00:00:00.000,235.46800000000002
1121,2017-08-31T00:00:00.000,3162.83
1122,2017-09-01T00:00:00.000,1261.81
1123,2017-09-02T00:00:00.000,9354.854
1124,2017-09-03T00:00:00.000,1595.849
1125,2017-09-04T00:00:00.000,5360.202
1126,2017-09-05T00:00:00.000,327.044
1127,2017-09-07T00:00:00.000,3848.565
1128,2017-09-08T00:00:00.000,2184.327
1129,2017-09-09T00:00:00.000,4356.061
1130,2017-09-10T00:00:00.000,2506.646
1131,2017-09-11T00:00:00.000,5564.006
1132,2017-09-12T00:00:00.000,491.55
1133,2017-09-13T00:00:00.000,15.92
1134,2017-09-14T00:00:00.000,4367.347
1135,2017-09-15T00:00:00.000,7285.026
1136,2017-09-16T00:00:00.000,849.65
1137,2017-09-17T00:00:00.000,4979.226
1138,2017-09-18T00:00:00.000,1511.93
1139,2017-09-19T00:00:00.000,1648.188
1140,2017-09-20T00:00:00.000,7359.918
1141,2017-09-21T00:00:00.000,338.172
1142,2017-09-22T00:00:00.000,7871.213
1143,2017-09-23T00:00:00.000,2395.786
1144,2017-09-24T00:00:00.000,6450.462
1145,2017-09-25T00:00:00.000,1412.213
1146,2017-09-26T00:00:00.000,1486.576
1147,2017-09-28T00:00:00.000,559.271
1148,2017-09-29T00:00:00.000,1944.08
1149,2017-09-30T00:00:00.000,540.76
1150,2017-10-01T00:00:00.000,2978.466
1151,2017-10-02T00:00:00.000,5418.022
1152,2017-10-03T00:00:00.000,2504.48
1153,2017-10-04T00:00:00.000,19.98
1154,2017-10-05T00:00:00.000,6684.616
1155,2017-10-06T00:00:00.000,1499.652
1156,2017-10-07T00:00:00.000,2749.21
1157,2017-10-08T00:00:00.000,608.356
1158,2017-10-09T00:00:00.000,1496.589
1159,2017-10-10T00:00:00.000,239.358
1160,2017-10-12T00:00:00.000,5635.354
1161,2017-10-13T00:00:00.000,8405.802
1162,2017-10-14T00:00:00.000,134.332
1163,2017-10-15T00:00:00.000,1017.94
1164,2017-10-16T00:00:00.000,3473.597
1165,2017-10-17T00:00:00.000,126.352
1166,2017-10-19T00:00:00.000,2781.8702000000003
1167,2017-10-20T00:00:00.000,1333.858
1168,2017-10-21T00:00:00.000,4537.201
1169,2017-10-22T00:00:00.000,15158.877
1170,2017-10-23T00:00:00.000,3352.3940000000002
1171,2017-10-24T00:00:00.000,529.0849999999999
1172,2017-10-26T00:00:00.000,999.868
1173,2017-10-27T00:00:00.000,1086.32
1174,2017-10-28T00:00:00.000,408.726
1175,2017-10-29T00:00:00.000,46.96
1176,2017-10-30T00:00:00.000,4025.73
1177,2017-10-31T00:00:00.000,523.928
1178,2017-11-01T00:00:00.000,2921.43
1179,2017-11-02T00:00:00.000,6294.386
1180,2017-11-03T00:00:00.000,4536.937
1181,2017-11-04T00:00:00.000,10668.096
1182,2017-11-05T00:00:00.000,2355.064
1183,2017-11-06T00:00:00.000,4288.75
1184,2017-11-07T00:00:00.000,2413.378
1185,2017-11-08T00:00:00.000,384.1
1186,2017-11-09T00:00:00.000,4751.492
1187,2017-11-10T00:00:00.000,4007.548
1188,2017-11-11T00:00:00.000,1815.2179999999998
1189,2017-11-12T00:00:00.000,2911.386
1190,2017-11-13T00:00:00.000,6633.4202000000005
1191,2017-11-14T00:00:00.000,834.658
1192,2017-11-15T00:00:00.000,559.2
1193,2017-11-16T00:00:00.000,4755.234
1194,2017-11-17T00:00:00.000,13694.8828
1195,2017-11-18T00:00:00.000,1469.7559999999999
1196,2017-11-19T00:00:00.000,7397.272
1197,2017-11-20T00:00:00.000,2988.274
1198,2017-11-21T00:00:00.000,2236.1839999999997
1199,2017-11-22T00:00:00.000,35.712
1200,2017-11-23T00:00:00.000,1153.109
1201,2017-11-24T00:00:00.000,4959.641
1202,2017-11-25T00:00:00.000,3666.157
1203,2017-11-26T00:00:00.000,5048.172
1204,2017-11-27T00:00:00.000,1618.254
1205,2017-11-28T00:00:00.000,6912.944
1206,2017-11-29T00:00:00.000,491.888
1207,2017-11-30T00:00:00.000,6645.282
1208,2017-12-01T00:00:00.000,5331.178
1209,2017-12-02T00:00:00.000,9951.182
1210,2017-12-03T00:00:00.000,1403.842
1211,2017-12-04T00:00:00.000,2639.638
1212,2017-12-05T00:00:00.000,1453.136
1213,2017-12-06T00:00:00.000,10.68
1214,2017-12-07T00:00:00.000,2916.514
1215,2017-12-08T00:00:00.000,7643.041
1216,2017-12-09T00:00:00.000,5470.39
1217,2017-12-10T00:00:00.000,3873.5589999999997
1218,2017-12-11T00:00:00.000,2823.965
1219,2017-12-13T00:00:00.000,580.936
1220,2017-12-14T00:00:00.000,3897.714
1221,2017-12-15T00:00:00.000,306.88800000000003
1222,2017-12-16T00:00:00.000,858.702
1223,2017-12-17T00:00:00.000,2027.758
1224,2017-12-18T00:00:00.000,3645.911
1225,2017-12-19T00:00:00.000,1895.926
1226,2017-12-20T00:00:00.000,377.736
1227,2017-12-21T00:00:00.000,2140.94
1228,2017-12-22T00:00:00.000,7442.021
1229,2017-12-23T00:00:00.000,1926.776
1230,2017-12-24T00:00:00.000,6233.054
1231,2017-12-25T00:00:00.000,2698.927
1232,2017-12-26T00:00:00.000,814.5939999999999
1233,2017-12-27T00:00:00.000,177.636
1234,2017-12-28T00:00:00.000,1657.3508000000002
1235,2017-12-29T00:00:00.000,2915.5339999999997
1236,2017-12-30T00:00:00.000,713.7900000000001
